{
  "accuracy": 0.9608599779492834,
  "classification_report": {
    "apple": {
      "precision": 0.986013986013986,
      "recall": 0.9463087248322147,
      "f1-score": 0.9657534246575342,
      "support": 149.0
    },
    "banana": {
      "precision": 0.9935064935064936,
      "recall": 0.9935064935064936,
      "f1-score": 0.9935064935064936,
      "support": 154.0
    },
    "coconut": {
      "precision": 0.8930817610062893,
      "recall": 0.9403973509933775,
      "f1-score": 0.9161290322580645,
      "support": 151.0
    },
    "coffee": {
      "precision": 0.9936708860759493,
      "recall": 1.0,
      "f1-score": 0.9968253968253968,
      "support": 157.0
    },
    "grape": {
      "precision": 0.9,
      "recall": 0.96,
      "f1-score": 0.9290322580645162,
      "support": 150.0
    },
    "icecream": {
      "precision": 0.9932885906040269,
      "recall": 0.9801324503311258,
      "f1-score": 0.9866666666666667,
      "support": 151.0
    },
    "lavender": {
      "precision": 0.9358974358974359,
      "recall": 0.9798657718120806,
      "f1-score": 0.9573770491803278,
      "support": 149.0
    },
    "lemon": {
      "precision": 0.9862068965517241,
      "recall": 0.959731543624161,
      "f1-score": 0.9727891156462585,
      "support": 149.0
    },
    "mango": {
      "precision": 1.0,
      "recall": 0.8609271523178808,
      "f1-score": 0.9252669039145908,
      "support": 151.0
    },
    "melon": {
      "precision": 0.9012345679012346,
      "recall": 0.9733333333333334,
      "f1-score": 0.9358974358974359,
      "support": 150.0
    },
    "orange": {
      "precision": 0.9863945578231292,
      "recall": 0.9666666666666667,
      "f1-score": 0.9764309764309764,
      "support": 150.0
    },
    "pineapple": {
      "precision": 0.9801324503311258,
      "recall": 0.9673202614379085,
      "f1-score": 0.9736842105263158,
      "support": 153.0
    },
    "accuracy": 0.9608599779492834,
    "macro avg": {
      "precision": 0.9624523021426162,
      "recall": 0.9606824790712701,
      "f1-score": 0.9607799136312146,
      "support": 1814.0
    },
    "weighted avg": {
      "precision": 0.9626584980250317,
      "recall": 0.9608599779492834,
      "f1-score": 0.9609751069089992,
      "support": 1814.0
    }
  },
  "confusion_matrix": [
    [
      141,
      0,
      3,
      0,
      5,
      0,
      0,
      0,
      0,
      0,
      0,
      0
    ],
    [
      0,
      153,
      0,
      1,
      0,
      0,
      0,
      0,
      0,
      0,
      0,
      0
    ],
    [
      0,
      0,
      142,
      0,
      7,
      0,
      0,
      0,
      0,
      1,
      0,
      1
    ],
    [
      0,
      0,
      0,
      157,
      0,
      0,
      0,
      0,
      0,
      0,
      0,
      0
    ],
    [
      2,
      0,
      1,
      0,
      144,
      1,
      0,
      0,
      0,
      0,
      0,
      2
    ],
    [
      0,
      0,
      3,
      0,
      0,
      148,
      0,
      0,
      0,
      0,
      0,
      0
    ],
    [
      0,
      0,
      0,
      0,
      0,
      0,
      146,
      2,
      0,
      0,
      1,
      0
    ],
    [
      0,
      0,
      0,
      0,
      0,
      0,
      5,
      143,
      0,
      0,
      1,
      0
    ],
    [
      0,
      1,
      4,
      0,
      3,
      0,
      0,
      0,
      130,
      13,
      0,
      0
    ],
    [
      0,
      0,
      3,
      0,
      1,
      0,
      0,
      0,
      0,
      146,
      0,
      0
    ],
    [
      0,
      0,
      0,
      0,
      0,
      0,
      5,
      0,
      0,
      0,
      145,
      0
    ],
    [
      0,
      0,
      3,
      0,
      0,
      0,
      0,
      0,
      0,
      2,
      0,
      148
    ]
  ],
  "features": [
    "gas_bme",
    "srawVoc",
    "srawNox",
    "NO2",
    "ethanol",
    "VOC_multichannel",
    "COandH2"
  ],
  "classes": [
    "apple",
    "banana",
    "coconut",
    "coffee",
    "grape",
    "icecream",
    "lavender",
    "lemon",
    "mango",
    "melon",
    "orange",
    "pineapple"
  ]
}