{
  "sklearn_version": "1.7.2",
  "torch_version": "2.12.0+cpu",
  "seed": 42,
  "classes": [
    "no_scent",
    "peppermint",
    "sweet_orange"
  ],
  "best_model_overall": "pytorch_mlp",
  "production_model": "random_forest",
  "production_kind": "sklearn",
  "sklearn_fallback": "random_forest",
  "sklearn_fallback_params": {
    "clf__min_samples_leaf": 4,
    "clf__n_estimators": 400
  },
  "cv_macro_f1_overall": 0.8449022532564735,
  "cv_macro_f1_production": 0.8257805687303348,
  "cv_macro_f1_sklearn_fallback": 0.8257805687303348,
  "cv_table": {
    "acc (mean)": {
      "random_forest": 0.8322,
      "hist_gbm": 0.8352,
      "mlp": 0.602
    },
    "acc (std)": {
      "random_forest": 0.1495,
      "hist_gbm": 0.1557,
      "mlp": 0.3487
    },
    "f1_macro (mean)": {
      "random_forest": 0.7829,
      "hist_gbm": 0.7956,
      "mlp": 0.4865
    },
    "f1_macro (std)": {
      "random_forest": 0.2142,
      "hist_gbm": 0.2106,
      "mlp": 0.3305
    },
    "recall_macro (mean)": {
      "random_forest": 0.7968,
      "hist_gbm": 0.8075,
      "mlp": 0.5052
    },
    "recall_macro (std)": {
      "random_forest": 0.1995,
      "hist_gbm": 0.1967,
      "mlp": 0.325
    }
  },
  "pytorch": {
    "cv_macro_f1_mean": 0.8449022532564735,
    "cv_macro_f1_std": 0.19505192941856472,
    "holdout_macro_f1": 0.43164658634538156,
    "holdout_report": {
      "no_scent": {
        "precision": 0.9838709677419355,
        "recall": 0.5865384615384616,
        "f1-score": 0.7349397590361446,
        "support": 104.0
      },
      "peppermint": {
        "precision": 0.0,
        "recall": 0.0,
        "f1-score": 0.0,
        "support": 30.0
      },
      "sweet_orange": {
        "precision": 0.4666666666666667,
        "recall": 0.7,
        "f1-score": 0.56,
        "support": 90.0
      },
      "accuracy": 0.5535714285714286,
      "macro avg": {
        "precision": 0.48351254480286743,
        "recall": 0.4288461538461538,
        "f1-score": 0.43164658634538156,
        "support": 224.0
      },
      "weighted avg": {
        "precision": 0.6442972350230415,
        "recall": 0.5535714285714286,
        "f1-score": 0.5662220309810672,
        "support": 224.0
      }
    },
    "architecture": "Linear(27,64)-BN-ReLU-Drop0.3 \u2192 Linear(64,32)-BN-ReLU-Drop0.3 \u2192 Linear(32,3)",
    "optimizer": "Adam(lr=1e-3, weight_decay=1e-4)",
    "loss": "CrossEntropyLoss(weight=balanced)",
    "epochs_run": 31
  },
  "holdout": {
    "n_test_rows": 224,
    "test_sessions": [
      "20260309_1411_session_02",
      "20260422_1346_session_03",
      "20260512_1216_peppermint_02"
    ],
    "report": {
      "no_scent": {
        "precision": 0.9716981132075472,
        "recall": 0.9903846153846154,
        "f1-score": 0.9809523809523809,
        "support": 104.0
      },
      "peppermint": {
        "precision": 0.625,
        "recall": 1.0,
        "f1-score": 0.7692307692307693,
        "support": 30.0
      },
      "sweet_orange": {
        "precision": 0.9857142857142858,
        "recall": 0.7666666666666667,
        "f1-score": 0.8625,
        "support": 90.0
      },
      "accuracy": 0.9017857142857143,
      "macro avg": {
        "precision": 0.8608041329739443,
        "recall": 0.919017094017094,
        "f1-score": 0.8708943833943833,
        "support": 224.0
      },
      "weighted avg": {
        "precision": 0.9308968280708511,
        "recall": 0.9017857142857143,
        "f1-score": 0.9050043334641549,
        "support": 224.0
      }
    }
  },
  "holdout_per_model": {
    "random_forest": {
      "macro_f1": 0.8708943833943833,
      "accuracy": 0.9017857142857143,
      "peppermint_recall": 1.0
    },
    "hist_gbm": {
      "macro_f1": 0.8669599995719999,
      "accuracy": 0.8973214285714286,
      "peppermint_recall": 1.0
    },
    "mlp": {
      "macro_f1": 0.7105763053598079,
      "accuracy": 0.7633928571428571,
      "peppermint_recall": 0.4666666666666667
    },
    "pytorch_mlp": {
      "macro_f1": 0.43164658634538156,
      "accuracy": 0.5535714285714286,
      "peppermint_recall": 0.0
    }
  },
  "imbalance_ablation": [
    {
      "strategy": "A_class_weight",
      "macro_f1_mean": 0.7829,
      "macro_f1_std": 0.2142,
      "peppermint_recall": 0.6461
    },
    {
      "strategy": "B_smote",
      "macro_f1_mean": 0.797,
      "macro_f1_std": 0.2142,
      "peppermint_recall": 0.6928
    },
    {
      "strategy": "C_no_rebalance",
      "macro_f1_mean": 0.7924,
      "macro_f1_std": 0.1881,
      "peppermint_recall": 0.7542
    }
  ],
  "latency_ms": {
    "mean_ms": 38.09400698999889,
    "n_calls": 1000
  },
  "features_in": [
    "Sensor 0",
    "Sensor 1",
    "Sensor 3",
    "Sensor 4",
    "Sensor 5",
    "Ethanol",
    "CoH2",
    "VocRaw",
    "NoxRaw"
  ],
  "features_engineered": [
    "VOC_multichannel",
    "NO2",
    "Ethanol",
    "CoH2",
    "VocRaw",
    "NoxRaw",
    "GasResist",
    "voc_ratio",
    "ethanol_voc_ratio",
    "voc_balance",
    "nox_intensity",
    "nox_balance",
    "voc_no2_interaction",
    "ethanol_no2_ratio",
    "co_voc_ratio",
    "total_voc_intensity",
    "chemical_diversity",
    "gas_dominance",
    "vocraw_log",
    "noxraw_log",
    "gas_temp_ratio",
    "gas_humidity_ratio",
    "voc_humidity_corrected",
    "voc_temp_corrected",
    "humidity_voc_interaction",
    "ethanol_humidity_ratio",
    "gasresist_log"
  ]
}