{
  "sklearn_version": "1.7.2",
  "torch_version": "2.12.0+cpu",
  "seed": 42,
  "classes": [
    "no_scent",
    "peppermint",
    "sweet_orange"
  ],
  "best_model_overall": "pytorch_mlp",
  "production_model": "random_forest",
  "production_params": {
    "clf__min_samples_leaf": 4,
    "clf__n_estimators": 200
  },
  "cv_macro_f1_overall": 0.7138654961806088,
  "cv_macro_f1_production": 0.6682700909620282,
  "cv_table": {
    "acc (mean)": {
      "random_forest": 0.7956,
      "hist_gbm": 0.615,
      "mlp": 0.6332
    },
    "acc (std)": {
      "random_forest": 0.1824,
      "hist_gbm": 0.3436,
      "mlp": 0.3398
    },
    "f1_macro (mean)": {
      "random_forest": 0.6635,
      "hist_gbm": 0.6154,
      "mlp": 0.5743
    },
    "f1_macro (std)": {
      "random_forest": 0.2936,
      "hist_gbm": 0.3145,
      "mlp": 0.3483
    },
    "recall_macro (mean)": {
      "random_forest": 0.6667,
      "hist_gbm": 0.6011,
      "mlp": 0.5971
    },
    "recall_macro (std)": {
      "random_forest": 0.2845,
      "hist_gbm": 0.3297,
      "mlp": 0.329
    }
  },
  "pytorch": {
    "cv_macro_f1_mean": 0.7138654961806088,
    "cv_macro_f1_std": 0.24797896592265298,
    "holdout_macro_f1": 0.42171155588501774,
    "holdout_report": {
      "no_scent": {
        "precision": 0.5797101449275363,
        "recall": 0.8888888888888888,
        "f1-score": 0.7017543859649122,
        "support": 90.0
      },
      "peppermint": {
        "precision": 0.0,
        "recall": 0.0,
        "f1-score": 0.0,
        "support": 10.0
      },
      "sweet_orange": {
        "precision": 0.7692307692307693,
        "recall": 0.4444444444444444,
        "f1-score": 0.5633802816901409,
        "support": 90.0
      },
      "accuracy": 0.631578947368421,
      "macro avg": {
        "precision": 0.4496469713861018,
        "recall": 0.4444444444444444,
        "f1-score": 0.42171155588501774,
        "support": 190.0
      },
      "weighted avg": {
        "precision": 0.6389720119697238,
        "recall": 0.631578947368421,
        "f1-score": 0.5992743162576567,
        "support": 190.0
      }
    },
    "architecture": "Linear(22,64)-BN-ReLU-Drop0.3 \u2192 Linear(64,32)-BN-ReLU-Drop0.3 \u2192 Linear(32,3)",
    "optimizer": "Adam(lr=1e-3, weight_decay=1e-4)",
    "loss": "CrossEntropyLoss(weight=balanced)",
    "epochs_run": 31
  },
  "holdout": {
    "n_test_rows": 190,
    "test_sessions": [
      "20260309_1411_session_02",
      "20260422_1346_session_03",
      "20260512_1011_peppermint_01"
    ],
    "report": {
      "no_scent": {
        "precision": 0.5797101449275363,
        "recall": 0.8888888888888888,
        "f1-score": 0.7017543859649122,
        "support": 90.0
      },
      "peppermint": {
        "precision": 0.0,
        "recall": 0.0,
        "f1-score": 0.0,
        "support": 10.0
      },
      "sweet_orange": {
        "precision": 0.7692307692307693,
        "recall": 0.4444444444444444,
        "f1-score": 0.5633802816901409,
        "support": 90.0
      },
      "accuracy": 0.631578947368421,
      "macro avg": {
        "precision": 0.4496469713861018,
        "recall": 0.4444444444444444,
        "f1-score": 0.42171155588501774,
        "support": 190.0
      },
      "weighted avg": {
        "precision": 0.6389720119697238,
        "recall": 0.631578947368421,
        "f1-score": 0.5992743162576567,
        "support": 190.0
      }
    }
  },
  "imbalance_ablation": [
    {
      "strategy": "A_class_weight",
      "macro_f1_mean": 0.6635,
      "macro_f1_std": 0.2936,
      "peppermint_recall": 0.8833
    },
    {
      "strategy": "B_smote",
      "macro_f1_mean": 0.659,
      "macro_f1_std": 0.2944,
      "peppermint_recall": 0.8333
    },
    {
      "strategy": "C_no_rebalance",
      "macro_f1_mean": 0.6165,
      "macro_f1_std": 0.3135,
      "peppermint_recall": 0.5167
    }
  ],
  "latency_ms": {
    "mean_ms": 7.239227631012909,
    "n_calls": 1000
  },
  "features_in": [
    "Sensor 0",
    "Sensor 1",
    "Sensor 3",
    "Sensor 4",
    "Sensor 5",
    "Ethanol",
    "CoH2",
    "VocRaw",
    "NoxRaw"
  ],
  "features_engineered": [
    "VOC_multichannel",
    "NO2",
    "Ethanol",
    "CoH2",
    "VocRaw",
    "NoxRaw",
    "Temperature",
    "Humidity",
    "GasResist",
    "voc_ratio",
    "ethanol_voc_ratio",
    "voc_balance",
    "nox_intensity",
    "nox_balance",
    "voc_no2_interaction",
    "ethanol_no2_ratio",
    "co_voc_ratio",
    "total_voc_intensity",
    "chemical_diversity",
    "gas_dominance",
    "vocraw_log",
    "noxraw_log"
  ]
}